Internship name,Internship details page link,Internship organization,Internship organization page link,Location of internship,Start date of internship,Duration,Stipend,Application deadline,Number of applicants,Number of openings
 COVID Emergency Langar Sewa Delivery Assistance ,https://internshala.com/internship/details/covid-emergency-langar-sewa-delivery-assistance-part-time-job-internship-at-noida-in-proof-of-performance-data-services-private-limited1620118753, Proof Of Performance Data Services Private Limited ,https://internshala.com/internships/internship-at-Proof Of Performance Data Services Private Limited,Noida,Immediately, 2 Months ,Unpaid,18/05/2021,No applicants yet, 10 
 Marketing ,https://internshala.com/internship/detail/marketing-internship-in-bhuvanagiri-at-byjus-the-learning-app1620232508, BYJU'S The Learning App ,https://internshala.com/internships/internship-at-BYJU'S The Learning App,Bhuvanagiri, 15 Jun' 21 , 3 Months , 18000 /month,19/05/2021,No applicants yet, 5 
 Marketing ,https://internshala.com/internship/detail/marketing-internship-in-yadagirigutta-at-byjus-the-learning-app1620232468, BYJU'S The Learning App ,https://internshala.com/internships/internship-at-BYJU'S The Learning App,Yadagirigutta, 15 Jun' 21 , 3 Months , 18000 /month,19/05/2021,No applicants yet, 5 
 Marketing ,https://internshala.com/internship/detail/marketing-internship-in-warangal-at-byjus-the-learning-app1620232389, BYJU'S The Learning App ,https://internshala.com/internships/internship-at-BYJU'S The Learning App,Warangal, 15 Jun' 21 , 3 Months , 18000 /month,19/05/2021,No applicants yet, 5 
 Marketing ,https://internshala.com/internship/detail/marketing-internship-in-wanaparthy-at-byjus-the-learning-app1620232314, BYJU'S The Learning App ,https://internshala.com/internships/internship-at-BYJU'S The Learning App,Wanaparthy, 15 Jun' 21 , 3 Months , 18000 /month,19/05/2021,No applicants yet, 5 
 Marketing ,https://internshala.com/internship/detail/marketing-internship-in-vikarabad-at-byjus-the-learning-app1620232198, BYJU'S The Learning App ,https://internshala.com/internships/internship-at-BYJU'S The Learning App,Vikarabad, 15 Jun' 21 , 3 Months , 18000 /month,19/05/2021,No applicants yet, 5 
 Marketing ,https://internshala.com/internship/detail/marketing-internship-in-suryapet-at-byjus-the-learning-app1620232103, BYJU'S The Learning App ,https://internshala.com/internships/internship-at-BYJU'S The Learning App,Suryapet, 15 Jun' 21 , 3 Months , 18000 /month,19/05/2021,No applicants yet, 5 
 Marketing ,https://internshala.com/internship/detail/marketing-internship-in-siddipet-at-byjus-the-learning-app1620232058, BYJU'S The Learning App ,https://internshala.com/internships/internship-at-BYJU'S The Learning App,Siddipet, 15 Jun' 21 , 3 Months , 18000 /month,19/05/2021,No applicants yet, 5 
 Marketing ,https://internshala.com/internship/detail/marketing-internship-in-sangareddy-at-byjus-the-learning-app1620232000, BYJU'S The Learning App ,https://internshala.com/internships/internship-at-BYJU'S The Learning App,Sangareddy, 15 Jun' 21 , 3 Months , 18000 /month,19/05/2021,No applicants yet, 5 
 Marketing ,https://internshala.com/internship/detail/marketing-internship-in-sircilla-at-byjus-the-learning-app1620231531, BYJU'S The Learning App ,https://internshala.com/internships/internship-at-BYJU'S The Learning App,Sircilla, 15 Jun' 21 , 3 Months , 18000 /month,19/05/2021,No applicants yet, 5 
 Marketing ,https://internshala.com/internship/detail/marketing-internship-in-peddapalli-at-byjus-the-learning-app1620231462, BYJU'S The Learning App ,https://internshala.com/internships/internship-at-BYJU'S The Learning App,Peddapalli, 15 Jun' 21 , 3 Months , 18000 /month,19/05/2021,No applicants yet, 5 
 Marketing ,https://internshala.com/internship/detail/marketing-internship-in-nizamabad-at-byjus-the-learning-app1620231410, BYJU'S The Learning App ,https://internshala.com/internships/internship-at-BYJU'S The Learning App,Nizamabad, 15 Jun' 21 , 3 Months , 18000 /month,19/05/2021,No applicants yet, 5 
 Marketing ,https://internshala.com/internship/detail/marketing-internship-in-nirmal-at-byjus-the-learning-app1620231297, BYJU'S The Learning App ,https://internshala.com/internships/internship-at-BYJU'S The Learning App,Nirmal, 15 Jun' 21 , 3 Months , 18000 /month,19/05/2021,No applicants yet, 5 
 Marketing ,https://internshala.com/internship/detail/marketing-internship-in-nalgonda-at-byjus-the-learning-app1620231192, BYJU'S The Learning App ,https://internshala.com/internships/internship-at-BYJU'S The Learning App,Nalgonda,Immediately, 3 Months , 18000 /month,19/05/2021,No applicants yet, 5 
 Database Building/Management ,https://internshala.com/internship/detail/database-building-management-part-time-job-internship-at-noida-in-times-internet1620229603, Times Internet ,https://internshala.com/internships/internship-at-Times Internet,Noida,Immediately, 6 Months , 7000 /month,19/05/2021,No applicants yet, 1 
 Marketing ,https://internshala.com/internship/detail/marketing-internship-in-medchal-district-at-byjus-the-learning-app1620227227, BYJU'S The Learning App ,https://internshala.com/internships/internship-at-BYJU'S The Learning App,Medchal District, 15 Jun' 21 , 3 Months , 18000 /month,19/05/2021,No applicants yet, 5 
 Marketing ,https://internshala.com/internship/detail/marketing-internship-in-medak-at-byjus-the-learning-app1620227176, BYJU'S The Learning App ,https://internshala.com/internships/internship-at-BYJU'S The Learning App,Medak, 15 Jun' 21 , 3 Months , 18000 /month,19/05/2021,No applicants yet, 5 
 Marketing ,https://internshala.com/internship/detail/marketing-internship-in-mancherial-at-byjus-the-learning-app1620227141, BYJU'S The Learning App ,https://internshala.com/internships/internship-at-BYJU'S The Learning App,Mancherial, 15 Jun' 21 , 3 Months , 18000 /month,19/05/2021,No applicants yet, 4 
 Marketing ,https://internshala.com/internship/detail/marketing-internship-in-mahabubnagar-at-byjus-the-learning-app1620227089, BYJU'S The Learning App ,https://internshala.com/internships/internship-at-BYJU'S The Learning App,Mahabubnagar, 15 Jun' 21 , 3 Months , 18000 /month,19/05/2021,No applicants yet, 6 
 Marketing ,https://internshala.com/internship/detail/marketing-internship-in-mahabubabad-at-byjus-the-learning-app1620227052, BYJU'S The Learning App ,https://internshala.com/internships/internship-at-BYJU'S The Learning App,Mahabubabad, 15 Jun' 21 , 3 Months , 18000 /month,19/05/2021,No applicants yet, 4 
 Marketing ,https://internshala.com/internship/detail/marketing-internship-in-hyderabad-at-byjus-the-learning-app1620227012, BYJU'S The Learning App ,https://internshala.com/internships/internship-at-BYJU'S The Learning App,Hyderabad, 15 Jun' 21 , 3 Months , 18000 /month,19/05/2021,No applicants yet, 6 
 Marketing ,https://internshala.com/internship/detail/marketing-internship-in-asifabad-at-byjus-the-learning-app1620226976, BYJU'S The Learning App ,https://internshala.com/internships/internship-at-BYJU'S The Learning App,Asifabad, 15 Jun' 21 , 3 Months , 18000 /month,19/05/2021,No applicants yet, 4 
 Marketing ,https://internshala.com/internship/detail/marketing-internship-in-khammam-at-byjus-the-learning-app1620226911, BYJU'S The Learning App ,https://internshala.com/internships/internship-at-BYJU'S The Learning App,Khammam, 15 Jun' 21 , 3 Months , 18000 /month,19/05/2021,No applicants yet, 4 
 Marketing ,https://internshala.com/internship/detail/marketing-internship-in-karimnagar-at-byjus-the-learning-app1620226861, BYJU'S The Learning App ,https://internshala.com/internships/internship-at-BYJU'S The Learning App,Karimnagar, 15 Jun' 21 , 3 Months , 18000 /month,19/05/2021,No applicants yet, 6 
 Marketing ,https://internshala.com/internship/detail/marketing-internship-in-kamareddy-at-byjus-the-learning-app1620226820, BYJU'S The Learning App ,https://internshala.com/internships/internship-at-BYJU'S The Learning App,Kamareddy, 15 Jun' 21 , 3 Months , 18000 /month,19/05/2021,No applicants yet, 6 
 Marketing ,https://internshala.com/internship/detail/marketing-internship-in-gadwal-at-byjus-the-learning-app1620226783, BYJU'S The Learning App ,https://internshala.com/internships/internship-at-BYJU'S The Learning App,Gadwal, 15 Jun' 21 , 3 Months , 18000 /month,19/05/2021,No applicants yet, 6 
 Marketing ,https://internshala.com/internship/detail/marketing-internship-in-bhupalpally-at-byjus-the-learning-app1620226693, BYJU'S The Learning App ,https://internshala.com/internships/internship-at-BYJU'S The Learning App,Bhupalpally, 15 Jun' 21 , 3 Months , 18000 /month,19/05/2021,No applicants yet, 6 
 Marketing ,https://internshala.com/internship/detail/marketing-internship-in-jangaon-at-byjus-the-learning-app1620226626, BYJU'S The Learning App ,https://internshala.com/internships/internship-at-BYJU'S The Learning App,Jangaon, 15 Jun' 21 , 3 Months , 18000 /month,19/05/2021,No applicants yet, 6 
 Marketing ,https://internshala.com/internship/detail/marketing-internship-in-jagtial-at-byjus-the-learning-app1620226516, BYJU'S The Learning App ,https://internshala.com/internships/internship-at-BYJU'S The Learning App,Jagtial, 15 Jun' 21 , 3 Months , 18000 /month,19/05/2021,No applicants yet, 6 
 Marketing ,https://internshala.com/internship/detail/marketing-internship-in-kothagudem-at-byjus-the-learning-app1620226313, BYJU'S The Learning App ,https://internshala.com/internships/internship-at-BYJU'S The Learning App,Kothagudem, 15 Jun' 21 , 3 Months , 18000 /month,19/05/2021,No applicants yet, 6 
 Marketing ,https://internshala.com/internship/detail/marketing-internship-in-adilabad-at-byjus-the-learning-app1620225986, BYJU'S The Learning App ,https://internshala.com/internships/internship-at-BYJU'S The Learning App,Adilabad, 15 Jun' 21 , 3 Months , 18000 /month,19/05/2021,No applicants yet, 6 
 Human Resources (HR) ,https://internshala.com/internship/detail/human-resources-hr-work-from-home-job-internship-at-zoomcar-india-private-limited1620206658, Zoomcar India Private Limited ,https://internshala.com/internships/internship-at-Zoomcar India Private Limited,Work From Home,Immediately, 6 Months , 5000 /month,19/05/2021,216 applicants, 2 
 Marketing ,https://internshala.com/internship/detail/marketing-internship-in-prakasam-nellore-at-byjus-the-learning-app1620200809, BYJU'S The Learning App ,https://internshala.com/internships/internship-at-BYJU'S The Learning App,Nellore, 15 Jun' 21 , 3 Months , 18000 /month,19/05/2021,27 applicants, 3 
 Marketing ,https://internshala.com/internship/detail/marketing-internship-in-multiple-locations-at-byjus-the-learning-app1620210661, BYJU'S The Learning App ,https://internshala.com/internships/internship-at-BYJU'S The Learning App,Vizianagaram, 15 Jun' 21 , 3 Months , 18000 /month,19/05/2021,No applicants yet, 6 
 Marketing ,https://internshala.com/internship/detail/marketing-internship-in-chitoor-at-byjus-the-learning-app1620210406, BYJU'S The Learning App ,https://internshala.com/internships/internship-at-BYJU'S The Learning App,Chitoor, 15 Jun' 21 , 3 Months , 18000 /month,19/05/2021,28 applicants, 2 
 Operations ,https://internshala.com/internship/detail/operations-internship-in-bangalore-at-urban-company1620206367, Urban Company ,https://internshala.com/internships/internship-at-Urban Company,Bangalore,Immediately, 3 Months , 7000 /month,19/05/2021,No applicants yet, 2 
 Marketing ,https://internshala.com/internship/detail/marketing-internship-in-bangalore-at-nykaa1620153052, Nykaa ,https://internshala.com/internships/internship-at-Nykaa,Bangalore, 5 Jun - 4 Jul' 21 , 2 Months , 3500-5000 /month,19/05/2021,54 applicants, 2 
 Mobile App Development ,https://internshala.com/internship/detail/mobile-app-development-work-from-home-job-internship-at-iit-bombay1620159800, IIT Bombay ,https://internshala.com/internships/internship-at-IIT Bombay,Work From Home,Immediately, 6 Months , 3000-7500 /month,19/05/2021,No applicants yet, 4 
 Marketing ,https://internshala.com/internship/detail/marketing-internship-in-guntur-at-byjus-the-learning-app1620201297, BYJU'S The Learning App ,https://internshala.com/internships/internship-at-BYJU'S The Learning App,Guntur, 15 Jun' 21 , 3 Months , 18000 /month,19/05/2021,No applicants yet, 4 
 Marketing ,https://internshala.com/internship/detail/marketing-internship-in-east-godavari-at-byjus-the-learning-app1620200524, BYJU'S The Learning App ,https://internshala.com/internships/internship-at-BYJU'S The Learning App,East Godavari, 15 Jun - 20 Jun' 21 , 3 Months , 18000 /month,19/05/2021,No applicants yet, 4 
 Marketing ,https://internshala.com/internship/detail/marketing-internship-in-vijayawada-at-byjus-the-learning-app1620200232, BYJU'S The Learning App ,https://internshala.com/internships/internship-at-BYJU'S The Learning App,Vijayawada, 15 Jun' 21 , 3 Months , 18000 /month,19/05/2021,No applicants yet, 3 
 Marketing ,https://internshala.com/internship/detail/marketing-internship-in-vishakhapatnam-at-byjus-the-learning-app1620199808, BYJU'S The Learning App ,https://internshala.com/internships/internship-at-BYJU'S The Learning App,Vishakhapatnam, 15 Jun - 20 Jun' 21 , 3 Months , 18000 /month,19/05/2021,No applicants yet, 5 
 Business Analytics ,https://internshala.com/internship/detail/business-analytics-work-from-home-job-internship-at-godrej-consumer-products-limited1620132911, Godrej Consumer Products Limited ,https://internshala.com/internships/internship-at-Godrej Consumer Products Limited,Work From Home,Immediately, 3 Months , 5000 /month,18/05/2021,289 applicants, 1 
 Web Development ,https://internshala.com/internship/detail/web-development-work-from-home-job-internship-at-iit-bombay1620158985, IIT Bombay ,https://internshala.com/internships/internship-at-IIT Bombay,Work From Home,Immediately, 6 Months , 2000-5000 /month,19/05/2021,32 applicants, 4 
 Project Management ,https://internshala.com/internship/detail/project-management-work-from-home-job-internship-at-iit-bombay1620158723, IIT Bombay ,https://internshala.com/internships/internship-at-IIT Bombay,Work From Home,Immediately, 6 Months , 1000-4000 /month,19/05/2021,44 applicants, 1 
 UI/UX Design ,https://internshala.com/internship/detail/ui-ux-design-work-from-home-job-internship-at-iit-bombay1620158660, IIT Bombay ,https://internshala.com/internships/internship-at-IIT Bombay,Work From Home,Immediately, 4 Months , 1000-4000 /month,19/05/2021,No applicants yet, 2 
 Software Project Management ,https://internshala.com/internship/detail/software-project-management-work-from-home-job-internship-at-iit-bombay1620135696, IIT Bombay ,https://internshala.com/internships/internship-at-IIT Bombay,Work From Home,Immediately, 6 Months , 1000-2000 /month,18/05/2021,85 applicants, 1 
 Marketing ,https://internshala.com/internship/detail/marketing-internship-in-multiple-locations-at-byjus-the-learning-app1620128494, BYJU'S The Learning App ,https://internshala.com/internships/internship-at-BYJU'S The Learning App,Anantapur, 4 Jun - 4 Jul' 21 , 3 Months , 16000-18000 /month,18/05/2021,No applicants yet, 15 
 Social Media Marketing ,https://internshala.com/internship/detail/social-media-marketing-work-from-home-job-internship-at-career-launcher1620115415, Career Launcher ,https://internshala.com/internships/internship-at-Career Launcher,Work From Home,Immediately, 6 Months , 4000-8000 /month,18/05/2021,169 applicants, 2 
 Graphic Design ,https://internshala.com/internship/detail/graphic-design-work-from-home-job-internship-at-career-launcher1620115179, Career Launcher ,https://internshala.com/internships/internship-at-Career Launcher,Work From Home,Immediately, 4 Months , 4000-8000 /month,18/05/2021,81 applicants, 2 
 Project Management ,https://internshala.com/internship/detail/project-management-internship-in-gurgaon-at-v-mart-retail-limited1620114178, V-Mart Retail Limited ,https://internshala.com/internships/internship-at-V-Mart Retail Limited,Gurgaon,Immediately, 3 Months , 8000-12000 /month,18/05/2021,78 applicants, 1 
 Classroom Volunteering ,https://internshala.com/internship/detail/classroom-volunteering-work-from-home-job-internship-at-teach-for-india1620125709, Teach For India ,https://internshala.com/internships/internship-at-Teach For India,Work From Home,Immediately, 2 Months ,Unpaid,18/05/2021,63 applicants, 5 
 Business Development (Sales) ,https://internshala.com/internship/detail/business-development-sales-part-time-job-internship-at-multiple-locations-in-bharti-airtel-limited1620124919, Bharti Airtel Limited ,https://internshala.com/internships/internship-at-Bharti Airtel Limited,Ahmedabad, 15 Jun - 15 Jul' 21 , 4 Months , 10000 /month,18/05/2021,45 applicants, 7 
 Human Resources (HR) ,https://internshala.com/internship/detail/human-resources-hr-internship-in-nagpur-at-hcl-technologies1620122279, HCL Technologies ,https://internshala.com/internships/internship-at-HCL Technologies,Nagpur,Immediately, 3 Months , 3500 /month,18/05/2021,No applicants yet, 10 
 Teaching ,https://internshala.com/internship/detail/teaching-part-time-job-internship-at-mumbai-in-teach-for-india1620047842, Teach For India ,https://internshala.com/internships/internship-at-Teach For India,Mumbai,Immediately, 4 Months ,Unpaid,18/05/2021,No applicants yet, 25 
 Content Writing ,https://internshala.com/internship/detail/content-writing-work-from-home-job-internship-at-fashion-tv-india1620122075, Fashion TV India ,https://internshala.com/internships/internship-at-Fashion TV India,Work From Home,Immediately, 5 Months , 1000 /month,18/05/2021,85 applicants, 5 
 Content Writing ,https://internshala.com/internship/detail/content-writing-internship-in-gurgaon-noida-at-times-internet1620120427, Times Internet ,https://internshala.com/internships/internship-at-Times Internet,Gurgaon,Immediately, 6 Months , 10000 /month,18/05/2021,85 applicants, 2 
 Graphic Design ,https://internshala.com/internship/detail/graphic-design-internship-in-delhi-at-boat-imagine-marketing-private-limited1620107052, BoAt (Imagine Marketing Private Limited) ,https://internshala.com/internships/internship-at-BoAt (Imagine Marketing Private Limited),Delhi,Immediately, 6 Months , 15000 /month,18/05/2021,64 applicants, 3 
 Project Management ,https://internshala.com/internship/detail/project-management-work-from-home-job-internship-at-marico-limited1620044336, Marico Limited ,https://internshala.com/internships/internship-at-Marico Limited,Work From Home,Immediately, 6 Months , 7000-10000 /month,17/05/2021,376 applicants, 1 
 Human Resources (HR) ,https://internshala.com/internship/detail/human-resources-hr-work-from-home-job-internship-at-toppr1619890688, Toppr ,https://internshala.com/internships/internship-at-Toppr,Work From Home,Immediately, 3 Months , 10000-12000 /month,17/05/2021,893 applicants, 2 
 Business Development (Sales) ,https://internshala.com/internship/detail/business-development-sales-internship-in-multiple-locations-at-bharti-airtel-limited1620042803, Bharti Airtel Limited ,https://internshala.com/internships/internship-at-Bharti Airtel Limited,Aurangabad,Immediately, 4 Months , 10000 /month,17/05/2021,40 applicants, 6 
 Business Development (Sales) ,https://internshala.com/internship/detail/business-development-sales-internship-in-chandrapur-at-century-plyboards-india-limited1619848029, Century Plyboards (India) Limited ,https://internshala.com/internships/internship-at-Century Plyboards (India) Limited,Chandrapur,Immediately, 6 Months , 12000 /month,17/05/2021,No applicants yet, 1 
 Business Development (Sales) ,https://internshala.com/internship/detail/business-development-sales-internship-in-mumbai-at-bharti-airtel-limited1620038489, Bharti Airtel Limited ,https://internshala.com/internships/internship-at-Bharti Airtel Limited,Mumbai,Immediately, 4 Months , 10000 /month,17/05/2021,No applicants yet, 6 
 Web Development ,https://internshala.com/internship/detail/web-development-internship-in-bangalore-at-ericsson-india-global-sevices-private-limited1620038364, Ericsson India Global Sevices Private Limited ,https://internshala.com/internships/internship-at-Ericsson India Global Sevices Private Limited,Bangalore,Immediately, 6 Months , 15000 /month,17/05/2021,105 applicants, 2 
 Business Development (Sales) ,https://internshala.com/internship/detail/business-development-sales-internship-in-multiple-locations-at-bharti-airtel-limited1620037547, Bharti Airtel Limited ,https://internshala.com/internships/internship-at-Bharti Airtel Limited,Bikaner,Immediately, 4 Months , 10000 /month,17/05/2021,No applicants yet, 5 
 Customer Service ,https://internshala.com/internship/detail/customer-service-work-from-home-job-internship-at-oyo-rooms1619961528, OYO Rooms ,https://internshala.com/internships/internship-at-OYO Rooms,Work From Home,Immediately, 4 Months , 5000 /month,16/05/2021,362 applicants, 2 
 Graphic Design ,https://internshala.com/internship/detail/graphic-design-work-from-home-job-internship-at-unesco1619952389, UNESCO ,https://internshala.com/internships/internship-at-UNESCO,Work From Home,Immediately, 4 Months ,Unpaid,16/05/2021,217 applicants, 1 
 Machine Learning Model Building (For OCR Tool) ,https://internshala.com/internship/detail/machine-learning-model-building-for-ocr-tool-work-from-home-job-internship-at-iit-bombay1619916121, IIT Bombay ,https://internshala.com/internships/internship-at-IIT Bombay,Work From Home,Immediately, 6 Months , 1000 /month,31/05/2021,148 applicants, 1 
 Technical Management (OCR) Based On Machine Learning And Software Development ,https://internshala.com/internship/detail/technical-management-ocr-based-on-machine-learning-and-software-development-work-from-home-job-internship-at-iit-bombay1619916035, IIT Bombay ,https://internshala.com/internships/internship-at-IIT Bombay,Work From Home,Immediately, 6 Months , 1000-3000 /month,31/05/2021,111 applicants, 1 
 COVID Relief Ambassador (Open Positions - 2000) ,https://internshala.com/internship/details/covid-relief-ambassador-open-positions-2000-work-from-home-job-internship-at-united-nations-volunteer1620107965, United Nations Volunteer ,https://internshala.com/internships/internship-at-United Nations Volunteer,Work From Home,Immediately, 2 Months ,Unpaid,15/05/2021,1000+ applicants, 2000 
 Training (Soft Skills) ,https://internshala.com/internship/detail/training-soft-skills-internship-in-delhi-at-niit-foundation1619770508, NIIT Foundation ,https://internshala.com/internships/internship-at-NIIT Foundation,Delhi,Immediately, 6 Months , 12000 /month,14/05/2021,118 applicants, 1 
 Marketing ,https://internshala.com/internship/detail/marketing-internship-in-multiple-locations-at-byjus-the-learning-app1619696288, BYJU'S The Learning App ,https://internshala.com/internships/internship-at-BYJU'S The Learning App,Kollam, 1 Jun - 1 Jul' 21 , 3 Months , 15000 /month,13/05/2021,111 applicants, 20 
 Marketing ,https://internshala.com/internship/detail/marketing-internship-in-multiple-locations-at-byjus-the-learning-app1619634950, BYJU'S The Learning App ,https://internshala.com/internships/internship-at-BYJU'S The Learning App,Bongaigaon, 31 Jul - 30 Aug' 21 , 2 Months , 18000 /month,13/05/2021,No applicants yet, 10 
 Business Development (Sales) ,https://internshala.com/internship/detail/business-development-sales-work-from-home-job-internship-at-sterlite-technologies-limited1619522955, Sterlite Technologies Limited ,https://internshala.com/internships/internship-at-Sterlite Technologies Limited,Work From Home,Immediately, 4 Months , 10000 /month,12/05/2021,526 applicants, 4 
 Business Development (Sales) ,https://internshala.com/internship/detail/business-development-sales-internship-in-multiple-locations-at-delhivery-nvd1619514936, Delhivery - NVD ,https://internshala.com/internships/internship-at-Delhivery - NVD,Aurangabad,Immediately, 2 Months , 10000 /month,11/05/2021,142 applicants, 10 
 Business Development (Sales) ,https://internshala.com/internship/detail/business-development-sales-internship-in-multiple-locations-at-urbanclap1619501471, UrbanClap ,https://internshala.com/internships/internship-at-UrbanClap,Delhi,Immediately, 2 Months , 6000 /month,11/05/2021,109 applicants, 2 
 Business Development (Sales) ,https://internshala.com/internship/detail/business-development-sales-internship-in-lucknow-at-urban-company1619452840, Urban Company ,https://internshala.com/internships/internship-at-Urban Company,Lucknow,Immediately, 3 Months , 10000 /month,10/05/2021,61 applicants, 1 
 LMS Administration ,https://internshala.com/internship/detail/lms-administration-internship-in-mumbai-at-caratlane-trading-private-limited1619437086, CaratLane Trading Private Limited ,https://internshala.com/internships/internship-at-CaratLane Trading Private Limited,Mumbai,Immediately, 6 Months , 15000 /month,10/05/2021,180 applicants, 1 
 Business Development (Sales) ,https://internshala.com/internship/detail/business-development-sales-work-from-home-job-internship-at-urban-company1619276019, Urban Company ,https://internshala.com/internships/internship-at-Urban Company,Work From Home,Immediately, 2 Months , 10000 /month,08/05/2021,1000+ applicants, 20 
 Human Resources (HR) ,https://internshala.com/internship/detail/human-resources-hr-work-from-home-job-internship-at-hcl-technologies1619241401, HCL Technologies ,https://internshala.com/internships/internship-at-HCL Technologies,Work From Home,Immediately, 3 Months , 3500 /month,08/05/2021,1000+ applicants, 10 
 Social Media Marketing ,https://internshala.com/internship/detail/social-media-marketing-work-from-home-job-internship-at-sharechat1619173395, ShareChat ,https://internshala.com/internships/internship-at-ShareChat,Work From Home,Immediately, 2 Months , 15000 /month,07/05/2021,721 applicants, 11 
 Business Development (Sales) ,https://internshala.com/internship/detail/business-development-sales-work-from-home-job-internship-at-wwf-india1619177839, WWF India ,https://internshala.com/internships/internship-at-WWF India,Work From Home,Immediately, 6 Weeks ,Unpaid,07/05/2021,199 applicants, 30 
 Social Media Marketing ,https://internshala.com/internship/detail/social-media-marketing-internship-in-delhi-gurgaon-at-pr-pundit1619170014, PR Pundit ,https://internshala.com/internships/internship-at-PR Pundit,Delhi,Immediately, 2 Months , 5000 /month,07/05/2021,106 applicants, 2 
 Database Building/Management ,https://internshala.com/internship/detail/database-building-management-internship-in-mumbai-at-economic-times-edge1619166951, Economic Times Edge ,https://internshala.com/internships/internship-at-Economic Times Edge,Mumbai,Immediately, 4 Months , 5000 /month,07/05/2021,70 applicants, 2 
 Digital Marketing ,https://internshala.com/internship/detail/digital-marketing-internship-in-noida-at-shantanu-nikhil1619158473, Shantanu & Nikhil ,https://internshala.com/internships/internship-at-Shantanu & Nikhil,Noida,Immediately, 3 Months , 10000 /month,07/05/2021,121 applicants, 1 
 Merchandising ,https://internshala.com/internship/detail/merchandising-internship-in-noida-at-shantanu-nikhil1619158439, Shantanu & Nikhil ,https://internshala.com/internships/internship-at-Shantanu & Nikhil,Noida,Immediately, 4 Months , 10000 /month,07/05/2021,74 applicants, 1 
 Supply Chain Management (SCM) ,https://internshala.com/internship/detail/supply-chain-management-scm-internship-in-noida-at-shantanu-nikhil1619158366, Shantanu & Nikhil ,https://internshala.com/internships/internship-at-Shantanu & Nikhil,Noida,Immediately, 4 Months , 10000 /month,07/05/2021,94 applicants, 2 
 Campus Ambassador ,https://internshala.com/internship/detail/campus-ambassador-programme-at-fashion-tv-india1619085738, Fashion TV India ,https://internshala.com/internships/internship-at-Fashion TV India,Work From Home,Immediately, 3 Months ,Performance Based,06/05/2021,132 applicants, 100 
 Web Development ,https://internshala.com/internship/detail/web-development-work-from-home-job-internship-at-teach-for-india1619022496, Teach For India ,https://internshala.com/internships/internship-at-Teach For India,Work From Home,Immediately, 6 Months ,Unpaid,06/05/2021,235 applicants, 2 
 Web Development ,https://internshala.com/internship/detail/web-development-internship-in-ghaziabad-at-fashion-tv-india1619085822, Fashion TV India ,https://internshala.com/internships/internship-at-Fashion TV India,Ghaziabad,Immediately, 3 Months , 5000-7000 /month,06/05/2021,63 applicants, 3 
 Content Writing ,https://internshala.com/internship/detail/content-writing-internship-in-multiple-locations-at-fashion-tv-india1619085537, Fashion TV India ,https://internshala.com/internships/internship-at-Fashion TV India,Delhi,Immediately, 3 Months , 5000-10000 /month,06/05/2021,91 applicants, 5 
 Curriculum Design ,https://internshala.com/internship/detail/curriculum-design-work-from-home-job-internship-at-teach-for-india1619068983, Teach For India ,https://internshala.com/internships/internship-at-Teach For India,Work From Home,Immediately, 6 Months ,Unpaid,06/05/2021,76 applicants, 4 
 Graphic Design ,https://internshala.com/internship/detail/graphic-design-work-from-home-job-internship-at-zoomcar-india-private-limited1618904496, Zoomcar India Private Limited ,https://internshala.com/internships/internship-at-Zoomcar India Private Limited,Work From Home,Immediately, 3 Months , 5000 /month,25/05/2021,277 applicants, 2 
 Business Development (Sales) ,https://internshala.com/internship/detail/business-development-sales-internship-in-patna-at-urban-company1618316729, Urban Company ,https://internshala.com/internships/internship-at-Urban Company,Patna,Immediately, 2 Months , 8000-12000 /month,08/05/2021,71 applicants, 2 
 Operations ,https://internshala.com/internship/detail/operations-internship-in-hyderabad-at-urban-company1618118221, Urban Company ,https://internshala.com/internships/internship-at-Urban Company,Hyderabad,Immediately, 3 Months , 8000-15000 /month,16/05/2021,447 applicants, 4 
 Digital Marketing ,https://internshala.com/internship/detail/digital-marketing-work-from-home-job-internship-at-careernaksha1620242989, CareerNaksha ,https://internshala.com/internships/internship-at-CareerNaksha,Work From Home,Immediately, 2 Months , 5000 /month,20/05/2021,28 applicants, 3 
 Telecalling ,https://internshala.com/internship/detail/telecalling-work-from-home-job-internship-at-careernaksha1620242963, CareerNaksha ,https://internshala.com/internships/internship-at-CareerNaksha,Work From Home,Immediately, 3 Months , 5000 /month,20/05/2021,No applicants yet, 2 
 Angular Web Development ,https://internshala.com/internship/detail/angular-web-development-work-from-home-job-internship-at-careernaksha1620242939, CareerNaksha ,https://internshala.com/internships/internship-at-CareerNaksha,Work From Home,Immediately, 2 Months , 5000 /month + Incentives,20/05/2021,No applicants yet, 2 
 Social Media Marketing ,https://internshala.com/internship/detail/social-media-marketing-work-from-home-job-internship-at-careernaksha1620242913, CareerNaksha ,https://internshala.com/internships/internship-at-CareerNaksha,Work From Home,Immediately, 2 Months , 5000 /month,20/05/2021,No applicants yet, 2 
 Media & Public Relations (PR) ,https://internshala.com/internship/detail/media-public-relations-pr-work-from-home-job-internship-at-careernaksha1620242888, CareerNaksha ,https://internshala.com/internships/internship-at-CareerNaksha,Work From Home,Immediately, 2 Months , 5000 /month,20/05/2021,No applicants yet, 2 
